id,nombre,categoria,origen,proceso,tueste,notas_sabor,fecha_tostado,formato,molienda,precio_clp,stock,descripcion,imagen_url,visible,altura,variedad
los-duendes,Los Duendes,Origen,"El Paraíso, Honduras",Lavado,Omniroast (filtrado y espresso),"Panela, Naranja, Piña madura",2026-09-24,250 g,Grano|Molido espresso|Molido filtro|Molido prensa francesa,11500,8,,assets/labels/los-duendes.webp,SI,1400 msnm,Parainema
los-duendes,Los Duendes,Origen,"El Paraíso, Honduras",Lavado,Omniroast (filtrado y espresso),"Panela, Naranja, Piña madura",2026-09-24,1 kg,Grano|Molido espresso|Molido filtro|Molido prensa francesa,39000,3,,assets/labels/los-duendes.webp,SI,1400 msnm,Parainema
espantapajaros,Espantapájaros,Origen,"Manzanares, Colombia",Lavado,Omniroast (filtrado y espresso),"Caramelo, Frutos secos, Naranja",2026-09-26,250 g,Grano|Molido espresso|Molido filtro|Molido prensa francesa,11500,12,,assets/labels/espantapajaros.webp,SI,1600–1800 msnm,"Caturra, Castillo"
espantapajaros,Espantapájaros,Origen,"Manzanares, Colombia",Lavado,Omniroast (filtrado y espresso),"Caramelo, Frutos secos, Naranja",2026-09-26,1 kg,Grano|Molido espresso|Molido filtro|Molido prensa francesa,39000,4,,assets/labels/espantapajaros.webp,SI,1600–1800 msnm,"Caturra, Castillo"
espantapajaros-descafeinado,Espantapájaros Descafeinado,Descafeinado,"Manzanares, Colombia",Lavado,Omniroast (filtrado y espresso),"Caramelo, Dulce de leche",2026-09-10,250 g,Grano|Molido espresso|Molido filtro|Molido prensa francesa,11500,6,,assets/labels/espantapajaros-descafeinado.webp,SI,1600–1800 msnm,Caturra Colombia
espantapajaros-descafeinado,Espantapájaros Descafeinado,Descafeinado,"Manzanares, Colombia",Lavado,Omniroast (filtrado y espresso),"Caramelo, Dulce de leche",2026-09-10,1 kg,Grano|Molido espresso|Molido filtro|Molido prensa francesa,39000,2,,assets/labels/espantapajaros-descafeinado.webp,SI,1600–1800 msnm,Caturra Colombia
lagrimas-de-unicornio,Lágrimas de Unicornio,Origen,Bolivia,Natural,Omniroast (filtrado y espresso),"Frutilla, Guinda, Yogurt, Lemongrass",2026-09-19,250 g,Grano|Molido espresso|Molido filtro|Molido prensa francesa,11500,3,,assets/labels/lagrimas-de-unicornio.webp,SI,1600–1700 msnm,Geisha
lagrimas-de-unicornio,Lágrimas de Unicornio,Origen,Bolivia,Natural,Omniroast (filtrado y espresso),"Frutilla, Guinda, Yogurt, Lemongrass",2026-09-19,1 kg,Grano|Molido espresso|Molido filtro|Molido prensa francesa,39000,0,,assets/labels/lagrimas-de-unicornio.webp,SI,1600–1700 msnm,Geisha
vampiros,Vampiros,Origen,"Boa Vista, Brasil",Natural,Omniroast (filtrado y espresso),"Chocolate, Frutos secos, Panela",2026-09-05,250 g,Grano|Molido espresso|Molido filtro|Molido prensa francesa,11500,10,,assets/labels/vampiros.webp,SI,1350 msnm,Catuaí Amarillo
vampiros,Vampiros,Origen,"Boa Vista, Brasil",Natural,Omniroast (filtrado y espresso),"Chocolate, Frutos secos, Panela",2026-09-05,1 kg,Grano|Molido espresso|Molido filtro|Molido prensa francesa,39000,5,,assets/labels/vampiros.webp,SI,1350 msnm,Catuaí Amarillo
